{"digest":"e3c0e17eb9e5b4c0b2bcab9ae0ccab7773d06bd2","css":".tree-view-resizer {\n  position: relative;\n  height: 100%;\n  overflow: hidden;\n  cursor: default;\n  -webkit-user-select: none;\n  min-width: 100px;\n  width: 200px;\n  z-index: 2;\n}\n.tree-view-resizer .tree-view-resize-handle {\n  position: absolute;\n  top: 0;\n  right: -5px;\n  bottom: 0;\n  width: 10px;\n  cursor: col-resize;\n  z-index: 3;\n}\n.tree-view-scroller {\n  height: 100%;\n  width: 100%;\n  overflow: auto;\n}\n.tree-view {\n  min-width: -webkit-min-content;\n  min-height: 100%;\n  padding: 0 5px;\n  position: relative;\n}\n","imports":[{"path":"node_modules/atom-dark-ui/stylesheets/ui-variables.less","digest":"9169f5824285022c54cae58ff9f3ce11d8d26f5d"}],"version":1}