{
  ".editor": {
    "alt-left": "editor:move-to-beginning-of-word",
    "alt-right": "editor:move-to-end-of-word",
    "alt-shift-left": "editor:select-to-beginning-of-word",
    "alt-shift-right": "editor:select-to-end-of-word",
    "home": "editor:move-to-first-character-of-line",
    "end": "editor:move-to-end-of-screen-line",
    "shift-home": "editor:select-to-first-character-of-line",
    "shift-end": "editor:select-to-end-of-line",
    "ctrl-t": "editor:transpose"
  },
  ".editor:not(.mini)": {
    "ctrl-C": "editor:copy-path",
    "tab": "editor:indent",
    "enter": "editor:newline",
    "shift-tab": "editor:outdent-selected-rows",
    "ctrl-K": "editor:delete-line",
    "ctrl-shift-up": "editor:add-selection-above",
    "ctrl-shift-down": "editor:add-selection-below"
  },
  ".tool-panel.panel-left, .tool-panel.panel-right": {
    "escape": "tool-panel:unfocus"
  },
  ".editor !important, .editor.mini !important": {
    "escape": "editor:consolidate-selections"
  },
  "body .native-key-bindings": {
    "tab": "core:focus-next",
    "shift-tab": "core:focus-previous",
    "enter": "native!",
    "backspace": "native!",
    "shift-backspace": "native!",
    "delete": "native!",
    "up": "native!",
    "down": "native!",
    "shift-up": "native!",
    "shift-down": "native!",
    "alt-up": "native!",
    "alt-down": "native!",
    "alt-shift-up": "native!",
    "alt-shift-down": "native!",
    "cmd-up": "native!",
    "cmd-down": "native!",
    "cmd-shift-up": "native!",
    "cmd-shift-down": "native!",
    "ctrl-up": "native!",
    "ctrl-down": "native!",
    "ctrl-shift-up": "native!",
    "ctrl-shift-down": "native!",
    "left": "native!",
    "right": "native!",
    "shift-left": "native!",
    "shift-right": "native!",
    "alt-left": "native!",
    "alt-right": "native!",
    "alt-shift-left": "native!",
    "alt-shift-right": "native!",
    "cmd-left": "native!",
    "cmd-right": "native!",
    "cmd-shift-left": "native!",
    "cmd-shift-right": "native!",
    "ctrl-left": "native!",
    "ctrl-right": "native!",
    "ctrl-shift-left": "native!",
    "ctrl-shift-right": "native!",
    "ctrl-b": "native!",
    "ctrl-f": "native!",
    "ctrl-F": "native!",
    "ctrl-B": "native!",
    "ctrl-h": "native!",
    "ctrl-d": "native!"
  }
}
