{"digest":"1cd95951bb41bf5ac66e273bc82653c55447a2a5","css":".editor-colors {\n  background-color: #002b36;\n  color: #839496;\n}\n.editor .invisible-character,\n.editor .indent-guide {\n  color: #586e75;\n}\n.editor .gutter {\n  background-color: #073642;\n}\n.editor .gutter .line-number {\n  opacity: 1;\n}\n.editor .gutter .line-number.folded,\n.editor .gutter .line-number:after,\n.editor .fold-marker:after {\n  color: #d33682;\n}\n.editor .cursor {\n  border-color: #fdf6e3;\n}\n.editor .selection .region {\n  background-color: #586e75;\n  color: #002b36;\n}\n.editor .line-number.cursor-line-no-selection {\n  background-color: #586e75;\n}\n.bracket-matcher {\n  background-color: #93a1a1;\n  opacity: 0.7;\n}\n.comment {\n  color: #586e75;\n  font-style: italic;\n}\n.entity {\n  color: #b58900;\n}\n.keyword {\n  color: #859900;\n}\n.storage.type {\n  color: #859900;\n}\n.constant {\n  color: #b58900;\n}\n.constant.numeric,\n.constant.boolean {\n  color: #2aa198;\n}\n.variable {\n  color: #268bd2;\n}\n.delimiter,\n.brace {\n  color: #dc322f;\n}\n.delimiter.period {\n  color: #859900;\n}\n.invalid.deprecated {\n  text-decoration: underline;\n  color: #dc322f;\n}\n.invalid.illegal {\n  color: #dc322f;\n}\n.string {\n  color: #2aa198;\n}\n.string .constant.character.escape {\n  color: #dc322f;\n}\n.string.regexp {\n  color: #2aa198;\n}\n.string.regexp .source.ruby.embedded,\n.string.regexp .string.regexp.arbitrary-repitition {\n  color: #dc322f;\n}\n.editor .gfm .markup.italic {\n  font-style: italic;\n}\n.editor .gfm .markup.bold {\n  font-weight: bold;\n}\n.editor .gfm .markup.heading {\n  color: #cb4b16;\n}\n.editor .gfm .link {\n  color: #2aa198;\n}\n.editor .gfm .link .entity {\n  color: #6c71c4;\n}\n.editor .gfm .raw {\n  font-style: italic;\n}\n.editor .gfm.support {\n  color: #dc322f;\n}\n.terminal {\n  background-color: #002b36;\n}\n.terminal .color-0 {\n  color: #839496;\n}\n.terminal .background-0 {\n  background-color: #002b36;\n}\n.terminal .color-1 {\n  color: #dc322f;\n}\n.terminal .background-1 {\n  background-color: #dc322f;\n}\n.terminal .color-2 {\n  color: #859900;\n}\n.terminal .background-2 {\n  background-color: #859900;\n}\n.terminal .color-3 {\n  color: #b58900;\n}\n.terminal .background-3 {\n  background-color: #b58900;\n}\n.terminal .color-4 {\n  color: #268bd2;\n}\n.terminal .background-4 {\n  background-color: #268bd2;\n}\n.terminal .color-5 {\n  color: #d33682;\n}\n.terminal .background-5 {\n  background-color: #d33682;\n}\n.terminal .color-6 {\n  color: #2aa198;\n}\n.terminal .background-6 {\n  background-color: #2aa198;\n}\n.terminal .color-7 {\n  color: #fdf6e3;\n}\n.terminal .background-7 {\n  background-color: #fdf6e3;\n}\n.editor .gutter .git-line-modified {\n  border-left: 2px solid #b58900;\n  padding-left: calc(0.5em - 2px);\n  color: #839496;\n}\n.editor .gutter .git-line-added {\n  border-left: 2px solid #859900;\n  padding-left: calc(0.5em - 2px);\n  color: #839496;\n}\n.editor .gutter .git-line-removed {\n  border-left: 2px solid #dc322f;\n  padding-left: calc(0.5em - 2px);\n  color: #839496;\n}\n.editor .wrap-guide {\n  background-color: #073642;\n}\n.editor .search-results .marker .region {\n  background-color: transparent;\n  border: 1px solid #2aa198;\n}\n.editor .search-results .marker.current-result .region {\n  border: 1px solid #fdf6e3;\n}\n","imports":[{"path":"node_modules/solarized-dark-syntax/stylesheets/variables.less","digest":"6f9602537fca5c02f9a246a2ef657929134d28d4"},{"path":"node_modules/solarized-dark-syntax/stylesheets/syntax-variables.less","digest":"17d0f119c9adc97a6ffabd25cd850abd198d7392"},{"path":"node_modules/solarized-dark-syntax/stylesheets/variables.less","digest":"6f9602537fca5c02f9a246a2ef657929134d28d4"},{"path":"node_modules/solarized-dark-syntax/stylesheets/base.less","digest":"f85cce8095d1e73a1127593ee4d3e1b0e28283dc"},{"path":"node_modules/solarized-dark-syntax/stylesheets/variables.less","digest":"6f9602537fca5c02f9a246a2ef657929134d28d4"},{"path":"node_modules/solarized-dark-syntax/stylesheets/markdown.less","digest":"db876b82eb54a6abc9d4e564c3e6c4e9b89a5b0e"},{"path":"node_modules/solarized-dark-syntax/stylesheets/terminal.less","digest":"5d78b8cbe509efa25dff609120320d58d6d7f190"},{"path":"node_modules/solarized-dark-syntax/stylesheets/git-diff.less","digest":"b2a06cac82e87a22275da60eeed269031ef6d5cb"},{"path":"node_modules/solarized-dark-syntax/stylesheets/wrap-guide.less","digest":"65bdc0545bb83b7058805ad783c265221fdf4a21"},{"path":"node_modules/solarized-dark-syntax/stylesheets/search-results.less","digest":"171a6cb11dbe0a0060caf77fa3623f5fd7b66876"}],"version":1}