{"digest":"32b180f07bf6ac98d390cda4e5cb788f21df7428","css":".btn {\n  color: #444444;\n  border-radius: 2px;\n  border: none;\n  text-shadow: none;\n  height: 27px;\n  line-height: 25px;\n  padding: 0 10px;\n  font-size: 13px;\n  z-index: 0;\n  background-color: #f4f4f4;\n}\n.btn:hover {\n  background-color: #ffffff;\n}\n.btn.selected,\n.btn.selected:hover {\n  z-index: 1;\n  background-color: #888888;\n}\n.btn.btn-xs,\n.btn-group-xs > .btn {\n  padding: 2.5px 5px;\n  font-size: 11px;\n  height: auto;\n  line-height: 1.3em;\n}\n.btn.btn-sm,\n.btn-group-sm > .btn {\n  padding: 2.5px 5px;\n  height: auto;\n  line-height: 1.3em;\n}\n.btn.btn-lg,\n.btn-group-lg > .btn {\n  font-size: 15px;\n  padding: 8px 12px;\n  height: auto;\n  line-height: 1.3em;\n}\n.btn-group > .btn {\n  border-left: 1px solid rgba(0, 0, 0, 0.15);\n  border-right: 1px solid rgba(0, 0, 0, 0.15);\n}\n.btn-group > .btn:first-child {\n  border-left: none;\n  border-top-left-radius: 2px;\n  border-bottom-left-radius: 2px;\n}\n.btn-group > .btn:last-child,\n.btn-group > .btn.selected:last-child,\n.btn-group > .dropdown-toggle {\n  border-right: none;\n  border-top-right-radius: 2px;\n  border-bottom-right-radius: 2px;\n}\n.btn-toolbar > .btn-group {\n  float: none;\n  display: inline-block;\n}\n.btn-toolbar > * {\n  margin-right: 0;\n  margin-left: 5px;\n}\n.btn-toolbar > *:first-child {\n  margin-left: 0;\n}\n","imports":[{"path":"node_modules/atom-light-ui/stylesheets/ui-variables.less","digest":"b09590cbe2f0416fc5f60a611945029ced0b695a"}],"version":1}