{"digest":"9f2f2f86b1b5c1d9ad0691af4e64f7bdfbf50d0f","css":"section,\n.section {\n  position: relative;\n  margin-top: 0;\n}\nsection:last-child,\n.section:last-child {\n  margin-bottom: 0;\n}\nsection.bordered,\n.section.bordered {\n  margin: 0;\n  padding: 20px 0;\n  border-top: 1px solid rgba(0, 0, 0, 0.1);\n  border-bottom: 1px solid #9f9f9f;\n}\nsection .section-heading:first-child,\n.section .section-heading:first-child {\n  margin-top: 0;\n  font-weight: bold;\n  color: #000000;\n}\ndiv > section:first-child,\nform > section:first-child,\ndiv > .section:first-child,\nform > .section:first-child {\n  border-top: none;\n  padding-top: 0;\n}\ndiv > section:last-child,\nform > section:last-child,\ndiv > .section:last-child,\nform > .section:last-child {\n  border-bottom: none;\n  padding-bottom: 0;\n}\n","imports":[{"path":"node_modules/atom-light-ui/stylesheets/ui-variables.less","digest":"b09590cbe2f0416fc5f60a611945029ced0b695a"}],"version":1}