{"digest":"0dafdb7a09e962d4f5aed70f3d91c77f2fe9e97f","css":".editor .gutter .line-number.git-line-modified {\n  border-left: 2px solid #b58900;\n  padding-left: calc(0.5em - 2px);\n}\n.editor .gutter .line-number.git-line-added {\n  border-left: 2px solid #859900;\n  padding-left: calc(0.5em - 2px);\n}\n.editor .gutter .line-number.git-line-removed {\n  border-left: 2px solid #dc322f;\n  padding-left: calc(0.5em - 2px);\n}\n","imports":[{"path":"node_modules/solarized-dark-syntax/stylesheets/syntax-variables.less","digest":"17d0f119c9adc97a6ffabd25cd850abd198d7392"},{"path":"node_modules/solarized-dark-syntax/stylesheets/variables.less","digest":"6f9602537fca5c02f9a246a2ef657929134d28d4"}],"version":1}