{"digest":"6731766f2d1172a7fce68a9a98b187182ba961ef","css":".timecop {\n  background-color: #f4f4f4;\n}\n.timecop .list-item {\n  margin-top: 10px;\n  margin-bottom: 10px;\n}\n.timecop .panels {\n  display: -webkit-flex;\n  -webkit-flex-direction: row;\n}\n.timecop .package-panel {\n  display: -webkit-flex;\n  -webkit-flex-direction: row;\n}\n.timecop .package-panel .list-group {\n  overflow: hidden;\n}\n","imports":[{"path":"static/variables/octicon-mixins.less","digest":"36132a09f2883b82baab8f1d2e4c9ec0e5071322"},{"path":"static/variables/octicon-utf-codes.less","digest":"1d61dba10e6dee0bccacc6eb1f41bc6c502dd2db"},{"path":"static/variables/octicon-utf-codes.less","digest":"1d61dba10e6dee0bccacc6eb1f41bc6c502dd2db"},{"path":"node_modules/atom-light-ui/stylesheets/ui-variables.less","digest":"b09590cbe2f0416fc5f60a611945029ced0b695a"}],"version":1}