{"digest":"d4883dafe7402eba74bbcafce6c1920df0d34169","css":".feedback-status:before {\n  text-align: center;\n}\n.feedback a {\n  text-decoration: underline;\n}\n.feedback .initially-hidden {\n  display: none;\n}\n.feedback ::-webkit-input-placeholder {\n  color: #999999;\n}\n.feedback textarea,\n.feedback input[type=text] {\n  width: 100%;\n  background-color: #ffffff;\n  border: 1px solid rgba(159, 159, 159, 0.9);\n  color: #444444;\n  padding: 3.3333333333333335px 5px;\n}\n.feedback label {\n  margin-left: 10px;\n}\n.feedback .email {\n  color: #999999;\n}\n.feedback .sending-error {\n  margin-top: 10px;\n  color: #ff982d;\n}\n","imports":[{"path":"node_modules/atom-light-ui/stylesheets/ui-variables.less","digest":"b09590cbe2f0416fc5f60a611945029ced0b695a"}],"version":1}