{"digest":"e280aa08913edfbe7e91f079309cd302e4b839dd","css":".status-bar {\n  font-size: 11px;\n  line-height: 22px;\n  height: 26px;\n  position: relative;\n  -webkit-user-select: none;\n  cursor: default;\n  overflow: hidden;\n  white-space: nowrap;\n  min-width: -webkit-min-content;\n}\n.status-bar .flexbox-repaint-hack {\n  padding: 0 12.5px;\n  position: absolute;\n  top: 0;\n  right: 0;\n  bottom: 0;\n  left: 0;\n}\n.status-bar .icon:before {\n  font-size: 14px;\n  width: 14px;\n  height: 14px;\n  position: relative;\n  top: 1px;\n  margin-right: 0px;\n}\n.status-bar .icon-diff-ignored:before,\n.status-bar .commits-ahead-label:before,\n.status-bar .commits-behind-label:before {\n  margin-right: -1px;\n}\n.status-bar .git-view {\n  display: inline-block;\n}\n","imports":[{"path":"node_modules/atom-light-ui/stylesheets/ui-variables.less","digest":"b09590cbe2f0416fc5f60a611945029ced0b695a"},{"path":"static/variables/octicon-mixins.less","digest":"36132a09f2883b82baab8f1d2e4c9ec0e5071322"},{"path":"static/variables/octicon-utf-codes.less","digest":"1d61dba10e6dee0bccacc6eb1f41bc6c502dd2db"},{"path":"static/variables/octicon-utf-codes.less","digest":"1d61dba10e6dee0bccacc6eb1f41bc6c502dd2db"}],"version":1}