{"digest":"d30f748a99bbb13f294ca9cde238ca0124137e19","css":".editor {\n  padding-top: 101px;\n  padding-right: 101px;\n  padding-bottom: 101px;\n  color: red;\n}\n.editor {\n  /*  padding-top: 102px;*/\n  padding-right: 102px;\n  padding-bottom: 102px;\n}\n.editor {\n  /*  padding-top: 103px;\n  padding-right: 103px;*/\n  padding-bottom: 103px;\n}\n","imports":[{"path":"node_modules/dev-live-reload/spec/fixtures/packages/stylesheets/first.less","digest":"3dc4bd133f363561f9b2bc8e674fdba73a8e6991"},{"path":"node_modules/dev-live-reload/spec/fixtures/packages/stylesheets/second.less","digest":"3feedebf363517ffc3f884919d12b198330baace"},{"path":"node_modules/dev-live-reload/spec/fixtures/packages/stylesheets/ui-variables.less","digest":"3c8a0d4ecf3f8d8fdc38cbdc32e08b8d70b18d00"},{"path":"node_modules/dev-live-reload/spec/fixtures/packages/stylesheets/last.less","digest":"48fe6f111672c2dabd52e78b7f21273dd9faf61f"}],"version":1}