{"digest":"0dafdb7a09e962d4f5aed70f3d91c77f2fe9e97f","css":".editor .gutter .line-number.git-line-modified {\n  border-left: 2px solid #de935f;\n  padding-left: calc(0.5em - 2px);\n}\n.editor .gutter .line-number.git-line-added {\n  border-left: 2px solid #b5bd68;\n  padding-left: calc(0.5em - 2px);\n}\n.editor .gutter .line-number.git-line-removed {\n  border-left: 2px solid #cc6666;\n  padding-left: calc(0.5em - 2px);\n}\n","imports":[{"path":"node_modules/base16-tomorrow-dark-theme/stylesheets/syntax-variables.less","digest":"025f694f62dab9a93714cad28ed70ec19c14727b"}],"version":1}