{"digest":"d4883dafe7402eba74bbcafce6c1920df0d34169","css":".feedback-status:before {\n  text-align: center;\n}\n.feedback a {\n  text-decoration: underline;\n}\n.feedback .initially-hidden {\n  display: none;\n}\n.feedback ::-webkit-input-placeholder {\n  color: #555555;\n}\n.feedback textarea,\n.feedback input[type=text] {\n  width: 100%;\n  background-color: #2d2f31;\n  border: 1px solid rgba(0, 0, 0, 0.5);\n  color: #aaaaaa;\n  padding: 3.3333333333333335px 5px;\n}\n.feedback label {\n  margin-left: 10px;\n}\n.feedback .email {\n  color: #555555;\n}\n.feedback .sending-error {\n  margin-top: 10px;\n  color: #ff982d;\n}\n","imports":[{"path":"node_modules/atom-dark-ui/stylesheets/ui-variables.less","digest":"9169f5824285022c54cae58ff9f3ce11d8d26f5d"}],"version":1}