{"digest":"15d4fee19840ef62a8bc3a1563e36ea836652096","css":".info-messages,\n.error-messages {\n  margin: 0;\n  padding: 0;\n  list-style: none;\n}\n.error-messages {\n  color: #cc0000;\n}\nul.background-message {\n  font-size: 39px;\n  margin: 0;\n  padding: 0;\n}\nul.background-message li {\n  margin: 0;\n  padding: 0;\n  list-style: none;\n}\nul.background-message.centered {\n  display: -webkit-flex;\n  position: absolute;\n  top: 0;\n  left: 0;\n  right: 0;\n  bottom: 0;\n  -webkit-align-items: center;\n  text-align: center;\n}\nul.background-message.centered li {\n  width: 100%;\n}\n","imports":[{"path":"node_modules/atom-dark-ui/stylesheets/ui-variables.less","digest":"9169f5824285022c54cae58ff9f3ce11d8d26f5d"}],"version":1}